tau,t,N_in,N_sig,N_inc,signal_fraction,Vx,Vp,Vbar,G_mode,eta_passive,G_over_passive,N_add_top_hat,N_add,N_add_ql,Imin,C_pair
0.0,0.0,0.0,0.0,0.0,nan,0.5,0.5,0.5,nan,nan,nan,nan,nan,nan,1.0,0.0
0.03333333333333333,0.03333333333333333,0.0003333333333333334,1.9755689709412717e-05,1.7339116762986511e-06,0.9193139209435711,0.5000017534181014,0.5000017144052513,0.5000017339116763,0.05926706912823814,0.0592676679535057,0.9999898962572978,7.936417411325097,6.7858515899743566e-06,nan,0.9999077409176585,0.01694900321224239
0.06666666666666667,0.06666666666666667,0.0006666666666666668,7.010515946824532e-05,2.3140575483184217e-05,0.7518323439110879,0.500023229030395,0.5000230521205713,0.5000231405754831,0.10515773920236797,0.10516465604375944,0.999934228459906,4.254981843164459,5.603003071152912e-05,nan,0.9992388300173611,0.057533072137820364
0.1,0.1,0.0010000000000000002,0.00013961669091911143,0.00010630362298872921,0.5677314277153744,0.500106455181875,0.5001061520641024,0.5001063036229887,0.1396166909191114,0.13964765701145163,0.9997782555539927,3.0819951062493756,0.00021722401421098159,nan,0.9975393605947254,0.10598757097932433
0.13333333333333333,0.13333333333333333,0.0013333333333333335,0.00021914317078306002,0.00031203997758884924,0.41255670752120016,0.5003121846633519,0.5003118952918258,0.5003120399775889,0.164357378087295,0.16444632387272348,0.9994591196486865,2.5440497761643446,0.0005827953758132942,nan,0.9945106222780645,0.1541803044172749
0.16666666666666666,0.16666666666666666,0.001666666666666667,0.0003014779251124395,0.0007143083828671966,0.29679266470136684,0.500714402775317,0.5007142139904175,0.5007143083828672,0.18088675506746366,0.18108684929512503,0.9988950372241815,2.268109296869859,0.0012681910747066594,nan,0.9899824853108804,0.19962516393031882
0.2,0.2,0.0020000000000000005,0.0003810612726319044,0.001394438221654225,0.21462201135974793,0.5013944711246884,0.50139440531862,0.5013944382216542,0.19053063631595216,0.19090864552319306,0.9980199471521839,2.1315685913639864,0.002389195378675768,nan,0.9838810274205977,0.24205705179743173
0.23333333333333334,0.23333333333333334,0.002333333333333334,0.00045372627702038574,0.0024357207100166294,0.15702875984780035,0.5024356846825052,0.502435756737528,0.5024357207100166,0.1944541187230224,0.19508940561122673,0.9967436115445946,2.0838265808382217,0.0040771918582168665,nan,0.9762011779640085,0.28182612060539974
0.26666666666666666,0.26666666666666666,0.002666666666666667,0.0005164788556987191,0.003921318511074225,0.11638180228005537,0.5039212253570755,0.503921411665073,0.5039213185110742,0.19367957088701965,0.1946597705223953,0.9949645495176268,2.1018300030467847,0.006471631331370187,nan,0.9669935995452812,0.31924494728792036
0.3,0.3,0.0030000000000000005,0.0005673083921096059,0.005931828237564739,0.08728980854462084,0.5059317284573983,0.5059319280177312,0.5059318282375648,0.18910279736986862,0.19051886881493071,0.9925672902958621,2.1754328083682766,0.009720432240677424,nan,0.9563502690164647,0.3545561110122508
0.3333333333333333,0.3333333333333333,0.003333333333333334,0.0006050265357994643,0.008539770351865992,0.06616074071754693,0.5085396371363032,0.5085399035674288,0.508539770351866,0.18150796073983927,0.18345009238949764,0.9894132969661587,2.3017491259282625,0.013981136003733963,nan,0.9443766777554581,0.3880691985997349
0.36666666666666664,0.36666666666666664,0.003666666666666667,0.0006291254741348578,0.011813207496458708,0.05056330477746772,0.5118129895449536,0.5118134254479639,0.5118132074964588,0.17157967476405211,0.1741306691298317,0.9853501144943194,2.4829477658136314,0.019422690440464074,nan,0.9312037087228017,0.41992027501945267
0.4,0.4,0.004000000000000001,0.0006396575905156384,0.015813394692135406,0.03887774617905559,0.5158130187820629,0.5158137706022079,0.5158133946921354,0.15991439762890958,0.1631467033126012,0.980187735221972,2.7255594389262536,0.026239388799661922,nan,0.9169743566888217,0.45020626470208996
0.43333333333333335,0.43333333333333335,0.004333333333333334,0.0006371312180937489,0.02059359230506607,0.03000986835887744,0.5205929505321749,0.5205942340779572,0.5205935923050661,0.14703028109855742,0.15099990563062157,0.973711079384548,3.040723641520494,0.03464893573370531,nan,0.9018357894854303,0.4790102263147862
0.4666666666666667,0.4666666666666667,0.004666666666666668,0.0006224227009310983,0.02619878511013916,0.023206363610299378,0.5261977003945865,0.5261998698256919,0.5261987851101392,0.13337629305666387,0.13812021082743348,0.9656537030869681,3.4452197467100674,0.04491458317614816,nan,0.8859342133395203,0.5064041240611759
0.5,0.5,0.005000000000000001,0.0005966986065751592,0.03266581163689964,0.0179390732150835,0.5326640295786597,0.5326675936951396,0.5326658116368996,0.11933972131503183,0.12487137148206968,0.955701213966148,3.9634410552273174,0.05735600609561142,nan,0.8694134769844987,0.532444466895156
0.5333333333333333,0.5333333333333333,0.005333333333333334,0.0005613497633392337,0.04002335873858815,0.013831558339579424,0.5400205267499318,0.5400261907272446,0.5400233587385882,0.1052530806261063,0.1115605785702086,0.9434612295405694,4.630713091970481,0.07238532101797068,nan,0.8524123393400219,0.5571785170973226
0.5666666666666667,0.5666666666666667,0.005666666666666668,0.0005179345721655597,0.04829211071314246,0.010611229084875683,0.5482877665787788,0.5482964548475061,0.5482921107131424,0.09140021861745169,0.09844378877498854,0.9284508424027013,5.498805243650184,0.0905451163081924,nan,0.8350627329766479,0.5806474867915677
0.6,0.6,0.006000000000000001,0.0004681302562389245,0.057485022815465824,0.008077735747349457,0.5574785812568319,0.5574914643740998,0.5574850228154659,0.07802170937315407,0.08573265202537095,0.9100582745307474,6.645255176981381,0.11258167572062505,nan,0.817488896433388,0.6028881352195811
0.6333333333333333,0.6333333333333333,0.006333333333333334,0.00041369138790108473,0.06760765660728865,0.0060817875577875895,0.5675984055505338,0.5676169076640435,0.5676076566072886,0.06531969282648706,0.07359966071659274,0.8874999176696068,8.189686556167093,0.1395579822674352,nan,0.799806923475876,0.6239341367215403
0.6666666666666666,0.6666666666666666,0.006666666666666668,0.000356414739903494,0.07865856563754799,0.0045107236400099655,0.5786456701967101,0.578671461078386,0.578658565637548,0.05346221098552409,0.06218268784353673,0.8597603744637898,10.32369312773523,0.1730463310761935,nan,0.7821249239743444,0.6438166739408324
0.7,0.7,0.007000000000000001,0.0002981097510855114,0.09062971121539834,0.003278531783967364,0.5906122253952527,0.5906471970355439,0.5906297112153983,0.04258710729793019,0.05158987866287843,0.8254934572771888,13.368744525977794,0.2154868473016539,nan,0.7645433734938993,0.6625650803308417
0.7333333333333333,0.7333333333333333,0.007333333333333334,0.00024057399130546756,0.10350689173406152,0.002318842100127035,0.6034837796973049,0.6035300037708182,0.6035068917340616,0.03280554426892739,0.04190301119035632,0.7828922871413441,17.896490751280982,0.2708683578142135,nan,0.7471560166632311,0.6802067922169052
0.7666666666666666,0.7666666666666666,0.007666666666666668,0.00018557296391097546,0.11727017400497765,0.0015799394129274028,0.617240337771814,0.6173000102381413,0.6172701740049776,0.024205169205779403,0.033181830668234276,0.7294705782749825,25.001584754780136,0.3461892671047391,nan,0.7300510052441908,0.6967672279043896
0.8,0.8,0.008000000000000002,0.00013482358826920487,0.13189431590663928,0.001021165394131832,0.6318566271240179,0.6319320046892606,0.6318943159066392,0.016852948533650606,0.025466219351171132,0.661776618714139,36.99458527360502,0.45484533305881625,nan,0.7133117219528263,0.7122702407395471
0.8333333333333334,0.8333333333333334,0.008333333333333335,8.998065318286965e-05,0.14734917331414318,0.0006102900807665394,0.6473025057011641,0.6473958409271223,0.6473491733141432,0.010797678381944356,0.018779672877102766,0.5749662655258225,59.452625964172675,0.6258907037304606,nan,0.6970184644585408,0.7267374050650787
0.8666666666666667,0.8666666666666667,0.008666666666666668,5.2625531035052335e-05,0.1636000866016884,0.00032156834035462046,0.6635433450181469,0.66365682818523,0.6636000866016885,0.006072176657890653,0.013131162865503419,0.46242489869977405,108.78537227904191,0.9350440222132717,nan,0.6812492438907459,0.7401885409746521
0.9,0.9,0.009000000000000003,2.4256419040969553e-05,0.18060824499883502,0.00013428601636233034,0.6805403874247705,0.6806761025728995,0.680608244998835,0.0026951576712188384,0.008517611250119444,0.31642177508172187,252.0300290468875,1.6509526164027588,nan,0.6660805110556686,0.7526420908362649
0.9333333333333333,0.9333333333333333,0.009333333333333336,6.279438141191455e-06,0.1983310297754212,3.1660397965921703e-05,0.6982510790790951,0.6984109804717472,0.6983310297754212,0.0006727969436990843,0.004925683140408156,0.13658957032370833,1037.452143385118,4.6126233732225845,nan,0.6515883332546476,0.7641148304661098
0.9666666666666667,0.9666666666666667,0.009666666666666669,1.9448481591434678e-11,0.2167223391505703,8.973916425005609e-11,0.7166293826114825,0.7168152956896581,0.7167223391505703,2.0119118887691042e-09,0.0023336827325623416,8.621188564737165e-07,356239426.8583541,831349.3002840877,nan,0.6378478715468416,0.7746232203304699
1.0,1.0,0.010000000000000002,6.614163658690088e-06,0.23573290027013225,2.8057085273023762e-05,0.7356260761582559,0.7358397243820086,0.7357329002701323,0.0006614163658690087,0.0007129341498306259,0.927738369702368,1111.8596848159057,0.29303920620009083,nan,0.6249334678680185,0.784183692863137
1.0333333333333332,1.0333333333333332,0.010333333333333335,2.7199357353319172e-05,0.2553105743781413,0.00010652304574996055,0.7551890463218177,0.7554321024344649,0.7553105743781413,0.002632195872901855,2.9063562377176473e-05,90.5668699088626,286.4507479112684,-0.4916601890389034,0.4944792173948029,0.6129178635315435,0.7928135131405919
1.0666666666666667,1.0666666666666667,0.010666666666666668,6.270514770803599e-05,0.27540066212204833,0.00022763516009237614,0.7752635832988383,0.7755377409452585,0.7754006621220484,0.005878607597628373,0.0002432089636440553,24.1710153669826,131.40209573349836,-0.4679202279941769,0.4793140671830032,0.6018709107270639,0.8005317281377541
1.1,1.1,0.011000000000000003,0.00011394359455304179,0.2959462156904261,0.00038486635563606144,0.7957926859582665,0.7960997454225858,0.7959462156904261,0.01035850859573107,0.0013130387599036726,7.888958736062743,76.33984700446646,-0.3991063025780674,0.4366202794654821,0.5918584041479598,0.8073596742166804
1.1333333333333333,1.1333333333333333,0.011333333333333336,0.0001815800084887487,0.31688836366592793,0.0005726812399323607,0.8167173834172032,0.8170593439146525,0.8168883636659279,0.016021765454889588,0.003193579241380216,5.01686798539097,50.486164163115156,-0.3371716445310715,0.40033622541872915,0.5829401089580362,0.8133218926357375
1.1666666666666667,1.1666666666666667,0.011666666666666669,0.0002661245227588679,0.3381666529052682,0.0007863438192403316,0.8379770776552808,0.8383562281552557,0.8381666529052683,0.022810673379331528,0.005838016954538215,3.907263983123503,36.24449407814154,-0.28548502058588066,0.3720332175763831,0.575168689076774,0.8184460876512966
1.2,1.2,0.012000000000000002,0.0003679251267413455,0.35971941005999597,0.0010217663627368166,0.8595099096207001,0.8599289104992919,0.859719410059996,0.030660427228445454,0.009198321364946497,3.3332633218587047,27.540033612525285,-0.2420787597480908,0.34999684941746867,0.5685873226381226,0.8227639798068906
1.2333333333333334,1.2333333333333334,0.012333333333333337,0.000487162791078251,0.3814841230559586,0.0012753911331265327,0.8812531485666556,0.8817150975452616,0.8814841230559586,0.03949968576310142,0.01322589854073359,2.9865408116846575,21.816231282006697,-0.2048477892526343,0.33258223090614375,0.5632290246630449,0.8263107657241678
1.2666666666666666,1.2666666666666666,0.012666666666666668,0.0006238492560450991,0.4033978409586086,0.0015440984262841252,0.9031436022472036,0.9036520796700135,0.9033978409586085,0.04925125705619203,0.01787197014671675,2.7557821914356735,17.842635192598205,-0.17218097142576877,0.31856330970064217,0.5591148891893603,0.8291253990593475
1.3,1.3,0.013000000000000003,0.0007778279276257709,0.4253975884460336,0.0018251356078779354,0.9251180431970314,0.9256771336950358,0.9253975884460336,0.05983291750967468,0.02308808158334187,2.5915066738522063,14.96636244666494,-0.14291136203386484,0.3070620442366976,0.5562539899644812,0.8312497597845553
1.3333333333333333,1.3333333333333333,0.013333333333333336,0.0009487781575484359,0.4474207894731785,0.0021160627884759587,0.9471136446502236,0.9477279342961334,0.9474207894731785,0.07115836181613268,0.02882638204994863,2.4685151849036666,12.81425801961596,-0.11619811161495791,0.29744908880537735,0.554642131191198,0.8327287252785266
1.3666666666666667,1.3666666666666667,0.013666666666666669,0.001136222992186416,0.46940569350203787,0.002414711532294196,0.9690684185263186,0.9697429684777571,0.9694056935020379,0.08313826772095725,0.03503994436328109,2.372671225131258,11.16016228237665,-0.09142856235869362,0.2892670528036013,0.5542629882959047,0.8336088314159771
1.4,1.4,0.014000000000000002,0.001339540273840339,0.4912917967890032,0.002719153600391966,0.990921647161161,0.9916619464168452,0.9912917967890031,0.09568144813145277,0.04168302218040815,2.2954537153600385,9.860334381928547,-0.06814995216162723,0.2821781390518799,0.5550874498179548,0.8339382734363244
1.4333333333333333,1.4333333333333333,0.014333333333333337,0.0015579767918395121,0.5130202509303572,0.003027677246928937,1.0126143003729595,1.0134262014877549,1.0130202509303572,0.1086960552446171,0.04871117123751519,2.2314399855962446,8.819751748585416,-0.046023976683524204,0.27592944321717927,0.5570750737231465,0.8337657634535208
1.4666666666666666,1.4666666666666666,0.014666666666666668,0.0017906650202403744,0.5345342508896942,0.0033387690318327145,1.0340894297054473,1.0349790720739411,1.0345342508896942,0.12209079683457097,0.056081540822247526,2.1770228678549004,7.97348266791521,-0.024794035852706342,0.27032854942278667,0.5601750864722697,0.8331398867394166
1.5,1.5,0.015000000000000003,0.0020366418605205737,0.5557793953845286,0.0036510995104751262,1.0552925325604423,1.0562662582086146,1.0557793953845285,0.13577612403470488,0.06375285434727088,2.129726196965441,7.275884036243864,-0.004265197616076188,0.2652280369596668,0.5643271300848434,0.8321087489645497
1.5333333333333332,1.5333333333333332,0.015333333333333336,0.002294868736134815,0.5767040135058833,0.003963511513612168,1.076171880144702,1.0772361468670648,1.0767040135058834,0.14966535235661832,0.0716856698862483,2.0878001502128547,6.694076628639766,0.0157122023370444,0.2605134763741519,0.5694633287174962,0.8307190367935063
1.5666666666666667,1.5666666666666667,0.01566666666666667,0.002564252343539201,0.5972594520092034,0.004275010015328142,1.0966788038673514,1.0978401001510554,1.0972594520092034,0.16367568150250217,0.07984223087833515,2.049988830496404,6.2038636524169855,0.035251429513156185,0.25609623205657894,0.5755094369879761,0.8290157265685407
1.6,1.6,0.016000000000000004,0.0028436653924548234,0.6174003196682454,0.004584752872978733,1.1167679369149064,1.1180327024215844,1.1174003196682454,0.1777290870284264,0.08818671430252935,2.0153725925054546,5.787098743097272,0.0544385806493104,0.25190691693469247,0.5823862808501017,0.8270417204077187
1.6333333333333333,1.6333333333333333,0.016333333333333335,0.0031319667078726706,0.6370846859514147,0.004892041928093132,1.1363974086665911,1.137771963236238,1.1370846859514145,0.19175306374730633,0.09668502569593558,1.9832757179002043,5.429942728059216,0.07333666503783165,0.24789183597257186,0.590011596376633,0.8248373611317856
1.6666666666666667,1.6666666666666667,0.01666666666666667,0.0034280201497232645,0.6562742328676274,0.005196314146335203,1.155528991237442,1.1570194744978128,1.1562742328676274,0.20568120898339584,0.10530496921368304,1.9531956613180432,5.121681429152678,0.09199098982605647,0.24400926138521467,0.5983011236598792,0.8224403793179379
1.7,1.7,0.017,0.0037307118933145155,0.674934359592023,0.005497132606440786,1.174128198183776,1.17574052100027,1.174934359592023,0.21945364078320678,0.11401626054021825,1.9247573963873021,4.8539068907620155,0.11043244296519183,0.2402270016270719,0.6071700751548212,0.819885676697891
1.7333333333333334,1.7333333333333334,0.017333333333333336,0.00403896573735653,0.6930342413134669,0.005794177277942703,1.192164337221632,1.1939041454053019,1.193034241313467,0.23301725407826132,0.12279054070401316,1.8976808208699878,4.619939491316697,0.12868013851060733,0.2365204967552046,0.6165341392451622,0.8172053459537801
1.7666666666666666,1.7666666666666666,0.01766666666666667,0.004351756207024756,0.7105468443331183,0.006087235593602754,1.2096105193325672,1.2114831693336696,1.2105468443331184,0.24632582303913705,0.13160126615610276,1.8717587621607712,4.414413070450932,0.14674298248544315,0.23287155903424406,0.6263108811058027,0.814428499681614
1.8,1.8,0.018000000000000006,0.004668119320895322,0.7274488999000789,0.006376192874006045,1.2264436270117607,1.2284541727883969,1.2274488999000788,0.2593399622719622,0.14042361349633414,1.8468401133882835,4.232972462658451,0.16462109578514306,0.2292673056127848,0.636420089585783,0.8115815697949118
1.8333333333333333,1.8333333333333333,0.018333333333333337,0.004987161004403352,0.7437208408926016,0.006661022710812973,1.2426442459917089,1.2447974357934941,1.2437208408926015,0.27202696387654646,0.14923457411966667,1.8228146224239985,4.072049855532105,0.18230791304421734,0.22569893073652514,0.6467849313024574,0.8086882050509353
1.8666666666666667,1.8666666666666667,0.01866666666666667,0.005308063194337966,0.759346704626655,0.006941777410823119,1.2581965638427073,1.260496845410603,1.259346704626655,0.28436052826810526,0.15801274141968752,1.799605055346983,3.9286973030212478,0.19979060176836394,0.22216126059748442,0.65733217519427,0.8057695559626907
1.9,1.9,0.019000000000000003,0.005630087767176125,0.7743140065568836,0.007218578623965931,1.2730882403025925,1.2755397728111748,1.2743140065568836,0.2963204087987434,0.16673823914978833,1.7771592785776373,3.80045980201917,0.2170510949231238,0.21865211743981738,0.6679930361535553,0.8028442471334519
1.9333333333333333,1.9333333333333333,0.019333333333333338,0.005952578462982139,0.7886135890746684,0.0074916082589183185,1.2873102535542889,1.289916924595048,1.2886135890746684,0.30789198946459334,0.1753926932848766,1.7554436487528502,3.6852780623344383,0.23406719149894684,0.21517171721506212,0.6787030435411838,0.799928734714821
1.9666666666666666,1.9666666666666666,0.01966666666666667,0.006274961018619164,0.8022394495924805,0.007761099785316577,1.3008567266026494,1.3036221725823116,1.3022394495924805,0.31906581450605914,0.18395940503986258,1.734435999273427,3.5814132708277047,0.25081435702326393,0.21172185067107974,0.6894026489536607,0.7970373042244099
2.0,2.0,0.020000000000000004,0.006596741746279128,0.8151885526331545,0.008027329998963561,1.3137247384240287,1.31665236684228,1.3151885526331544,0.32983708731395633,0.19242350640527564,1.7141205535422737,3.4873883296249475,0.2672672437859075,0.20830523036041,0.7000368981933358,0.7941824261900258
